Application,GPU,CPU,Resolution,Runtime,AllowsTearing,ProcessID,SwapChainAddress,SyncInterval,PresentFlags,PresentMode,Dropped,TimeInSeconds,MsBetweenPresents,MsBetweenDisplayChange,MsInPresentAPI,MsRenderPresentLatency,MsUntilDisplayed,Render Queue Depth,MsPCLatency,GPU0Clk(MHz),GPU0MemClk(MHz),GPU0Util(%),GPU0Temp(C),GPU1Clk(MHz),GPU1MemClk(MHz),GPU1Util(%),GPU1Temp(C),PCAT Power Total(W),Perf/W Total(F/J) (PCAT),Perf/W Total(F/J) (API),Perf/W GPUOnly(F/J) (API),Perf/W Total-USBC(F/J) (API),GPUOnlyPwr(W) (API),NV-Total-USBCPwr(W) (API),NV Pwr(W) (API),AMDPwr(W) (API),CPUClk(MHz),CPUUtil(%),CPU Package Temp(C),CPU Package Power(W),CPU TDP (W),CPUCoreUtil%[ 0],CPUCoreUtil%[ 1],CPUCoreUtil%[ 2],CPUCoreUtil%[ 3],CPUCoreUtil%[ 4],CPUCoreUtil%[ 5],CPUCoreUtil%[ 6],CPUCoreUtil%[ 7],CPUCoreUtil%[ 8],CPUCoreUtil%[ 9],CPUCoreUtil%[10],CPUCoreUtil%[11],CPUCoreUtil%[12],CPUCoreUtil%[13],CPUCoreUtil%[14],CPUCoreUtil%[15],CPUCoreUtil%[16],CPUCoreUtil%[17],CPUCoreUtil%[18],CPUCoreUtil%[19],CPUCoreUtil%[20],CPUCoreUtil%[21],CPUCoreUtil%[22],CPUCoreUtil%[23],CPUCoreUtil%[24],CPUCoreUtil%[25],CPUCoreUtil%[26],CPUCoreUtil%[27],CPUCoreUtil%[28],CPUCoreUtil%[29],CPUCoreUtil%[30],CPUCoreUtil%[31],CPUCoreUtil%[32],CPUCoreUtil%[33],CPUCoreUtil%[34],CPUCoreUtil%[35],CPUCoreUtil%[36],CPUCoreUtil%[37],CPUCoreUtil%[38],CPUCoreUtil%[39],CPUCoreUtil%[40],CPUCoreUtil%[41],CPUCoreUtil%[42],CPUCoreUtil%[43],CPUCoreUtil%[44],CPUCoreUtil%[45],CPUCoreUtil%[46],CPUCoreUtil%[47],CPUCoreUtil%[48],CPUCoreUtil%[49],CPUCoreUtil%[50],CPUCoreUtil%[51],CPUCoreUtil%[52],CPUCoreUtil%[53],CPUCoreUtil%[54],CPUCoreUtil%[55],CPUCoreUtil%[56],CPUCoreUtil%[57],CPUCoreUtil%[58],CPUCoreUtil%[59],CPUCoreUtil%[60],CPUCoreUtil%[61],CPUCoreUtil%[62],CPUCoreUtil%[63],Current Battery Capacity(Wh),Total Battery Capacity(Wh),Battery Percentage,Battery Drain Rate(W)
cod.exe,NVIDIA GeForce RTX 4090,AMD Ryzen 9 7950X3D 16-Core Processor          ,WINDOWED,D3D12,0,7700,0x00000000274C9C90,0,512,Composed: Flip,1,748.018550,9.214,0.000,0.134,0.477,0.000,0.052,NA,2925,11001,24,41,NA,NA,NA,NA,NA,NA,0.497,0.657,0.497,165,218,218,NA,4912,26, 52,43.409,NA,8,27,33,46,21,26,64,40,38,23,23,11,17,10,20,10,NA,NA,NA,NA,NA,NA,NA,NA,NA,NA,NA,NA,NA,NA,NA,NA,NA,NA,NA,NA,NA,NA,NA,NA,NA,NA,NA,NA,NA,NA,NA,NA,NA,NA,NA,NA,NA,NA,NA,NA,NA,NA,NA,NA,NA,NA,NA,NA,NA,NA,NA,NA
cod.exe,NVIDIA GeForce RTX 4090,AMD Ryzen 9 7950X3D 16-Core Processor          ,WINDOWED,D3D12,0,7700,0x00000000274C9C90,0,512,Composed: Flip,1,748.029231,10.681,0.000,0.133,0.481,0.000,0.045,NA,2925,11001,24,41,NA,NA,NA,NA,NA,NA,0.429,0.566,0.429,165,218,218,NA,4912,26, 52,43.409,NA,8,27,33,46,21,26,64,40,38,23,23,11,17,10,20,10,NA,NA,NA,NA,NA,NA,NA,NA,NA,NA,NA,NA,NA,NA,NA,NA,NA,NA,NA,NA,NA,NA,NA,NA,NA,NA,NA,NA,NA,NA,NA,NA,NA,NA,NA,NA,NA,NA,NA,NA,NA,NA,NA,NA,NA,NA,NA,NA,NA,NA,NA,NA
cod.exe,NVIDIA GeForce RTX 4090,AMD Ryzen 9 7950X3D 16-Core Processor          ,WINDOWED,D3D12,0,7700,0x00000000274C9C90,0,512,Composed: Flip,1,748.039374,10.142,0.000,0.114,0.399,0.000,0.039,NA,2925,11001,24,41,NA,NA,NA,NA,NA,NA,0.452,0.596,0.452,165,218,218,NA,4912,26, 52,43.409,NA,8,27,33,46,21,26,64,40,38,23,23,11,17,10,20,10,NA,NA,NA,NA,NA,NA,NA,NA,NA,NA,NA,NA,NA,NA,NA,NA,NA,NA,NA,NA,NA,NA,NA,NA,NA,NA,NA,NA,NA,NA,NA,NA,NA,NA,NA,NA,NA,NA,NA,NA,NA,NA,NA,NA,NA,NA,NA,NA,NA,NA,NA,NA
cod.exe,NVIDIA GeForce RTX 4090,AMD Ryzen 9 7950X3D 16-Core Processor          ,WINDOWED,D3D12,0,7700,0x00000000274C9C90,0,512,Composed: Flip,1,748.049348,9.974,0.000,0.113,0.409,0.000,0.041,NA,2925,11001,24,41,NA,NA,NA,NA,NA,NA,0.459,0.606,0.459,165,218,218,NA,4912,26, 52,43.409,NA,8,27,33,46,21,26,64,40,38,23,23,11,17,10,20,10,NA,NA,NA,NA,NA,NA,NA,NA,NA,NA,NA,NA,NA,NA,NA,NA,NA,NA,NA,NA,NA,NA,NA,NA,NA,NA,NA,NA,NA,NA,NA,NA,NA,NA,NA,NA,NA,NA,NA,NA,NA,NA,NA,NA,NA,NA,NA,NA,NA,NA,NA,NA
cod.exe,NVIDIA GeForce RTX 4090,AMD Ryzen 9 7950X3D 16-Core Processor          ,WINDOWED,D3D12,0,7700,0x00000000274C9C90,0,512,Composed: Flip,1,748.058709,9.361,0.000,0.117,0.454,0.000,0.049,NA,2925,11001,24,41,NA,NA,NA,NA,NA,NA,0.489,0.646,0.489,165,218,218,NA,4912,26, 52,43.409,NA,8,27,33,46,21,26,64,40,38,23,23,11,17,10,20,10,NA,NA,NA,NA,NA,NA,NA,NA,NA,NA,NA,NA,NA,NA,NA,NA,NA,NA,NA,NA,NA,NA,NA,NA,NA,NA,NA,NA,NA,NA,NA,NA,NA,NA,NA,NA,NA,NA,NA,NA,NA,NA,NA,NA,NA,NA,NA,NA,NA,NA,NA,NA
cod.exe,NVIDIA GeForce RTX 4090,AMD Ryzen 9 7950X3D 16-Core Processor          ,WINDOWED,D3D12,0,7700,0x00000000274C9C90,0,512,Composed: Flip,1,748.069702,10.993,0.000,0.119,0.391,0.000,0.036,NA,2925,11001,24,41,NA,NA,NA,NA,NA,NA,0.417,0.550,0.417,165,218,218,NA,4912,26, 52,43.409,NA,8,27,33,46,21,26,64,40,38,23,23,11,17,10,20,10,NA,NA,NA,NA,NA,NA,NA,NA,NA,NA,NA,NA,NA,NA,NA,NA,NA,NA,NA,NA,NA,NA,NA,NA,NA,NA,NA,NA,NA,NA,NA,NA,NA,NA,NA,NA,NA,NA,NA,NA,NA,NA,NA,NA,NA,NA,NA,NA,NA,NA,NA,NA
cod.exe,NVIDIA GeForce RTX 4090,AMD Ryzen 9 7950X3D 16-Core Processor          ,WINDOWED,D3D12,0,7700,0x00000000274C9C90,0,512,Composed: Flip,1,748.080251,10.549,0.000,0.119,0.400,0.000,0.038,NA,2925,11001,24,41,NA,NA,NA,NA,NA,NA,0.434,0.573,0.434,165,218,218,NA,4912,26, 52,43.409,NA,8,27,33,46,21,26,64,40,38,23,23,11,17,10,20,10,NA,NA,NA,NA,NA,NA,NA,NA,NA,NA,NA,NA,NA,NA,NA,NA,NA,NA,NA,NA,NA,NA,NA,NA,NA,NA,NA,NA,NA,NA,NA,NA,NA,NA,NA,NA,NA,NA,NA,NA,NA,NA,NA,NA,NA,NA,NA,NA,NA,NA,NA,NA
cod.exe,NVIDIA GeForce RTX 4090,AMD Ryzen 9 7950X3D 16-Core Processor          ,WINDOWED,D3D12,0,7700,0x00000000274C9C90,0,512,Composed: Flip,1,748.090730,10.479,0.000,0.112,0.395,0.000,0.038,NA,2925,11001,24,41,NA,NA,NA,NA,NA,NA,0.437,0.577,0.437,165,218,218,NA,4912,26, 52,43.409,NA,8,27,33,46,21,26,64,40,38,23,23,11,17,10,20,10,NA,NA,NA,NA,NA,NA,NA,NA,NA,NA,NA,NA,NA,NA,NA,NA,NA,NA,NA,NA,NA,NA,NA,NA,NA,NA,NA,NA,NA,NA,NA,NA,NA,NA,NA,NA,NA,NA,NA,NA,NA,NA,NA,NA,NA,NA,NA,NA,NA,NA,NA,NA
cod.exe,NVIDIA GeForce RTX 4090,AMD Ryzen 9 7950X3D 16-Core Processor          ,WINDOWED,D3D12,0,7700,0x00000000274C9C90,0,512,Composed: Flip,1,748.100026,9.295,0.000,0.114,0.486,0.000,0.052,NA,2925,11001,24,41,NA,NA,NA,NA,NA,NA,0.493,0.651,0.493,165,218,218,NA,4912,26, 52,43.409,NA,8,27,33,46,21,26,64,40,38,23,23,11,17,10,20,10,NA,NA,NA,NA,NA,NA,NA,NA,NA,NA,NA,NA,NA,NA,NA,NA,NA,NA,NA,NA,NA,NA,NA,NA,NA,NA,NA,NA,NA,NA,NA,NA,NA,NA,NA,NA,NA,NA,NA,NA,NA,NA,NA,NA,NA,NA,NA,NA,NA,NA,NA,NA
cod.exe,NVIDIA GeForce RTX 4090,AMD Ryzen 9 7950X3D 16-Core Processor          ,WINDOWED,D3D12,0,7700,0x00000000274C9C90,0,512,Composed: Flip,1,748.110331,10.305,0.000,0.115,0.404,0.000,0.039,NA,2925,11001,24,41,NA,NA,NA,NA,NA,NA,0.444,0.587,0.444,165,218,218,NA,4912,26, 52,43.409,NA,8,27,33,46,21,26,64,40,38,23,23,11,17,10,20,10,NA,NA,NA,NA,NA,NA,NA,NA,NA,NA,NA,NA,NA,NA,NA,NA,NA,NA,NA,NA,NA,NA,NA,NA,NA,NA,NA,NA,NA,NA,NA,NA,NA,NA,NA,NA,NA,NA,NA,NA,NA,NA,NA,NA,NA,NA,NA,NA,NA,NA,NA,NA
cod.exe,NVIDIA GeForce RTX 4090,AMD Ryzen 9 7950X3D 16-Core Processor          ,WINDOWED,D3D12,0,7700,0x00000000274C9C90,0,512,Composed: Flip,1,748.120421,10.090,0.000,0.112,0.400,0.000,0.040,NA,2925,11001,24,41,NA,NA,NA,NA,NA,NA,0.454,0.600,0.454,165,218,218,NA,4912,26, 52,43.409,NA,8,27,33,46,21,26,64,40,38,23,23,11,17,10,20,10,NA,NA,NA,NA,NA,NA,NA,NA,NA,NA,NA,NA,NA,NA,NA,NA,NA,NA,NA,NA,NA,NA,NA,NA,NA,NA,NA,NA,NA,NA,NA,NA,NA,NA,NA,NA,NA,NA,NA,NA,NA,NA,NA,NA,NA,NA,NA,NA,NA,NA,NA,NA
cod.exe,NVIDIA GeForce RTX 4090,AMD Ryzen 9 7950X3D 16-Core Processor          ,WINDOWED,D3D12,0,7700,0x00000000274C9C90,0,512,Composed: Flip,1,748.130908,10.486,0.000,0.116,0.350,0.000,0.033,NA,2925,11001,24,41,NA,NA,NA,NA,NA,NA,0.437,0.577,0.437,165,218,218,NA,4912,26, 52,43.409,NA,8,27,33,46,21,26,64,40,38,23,23,11,17,10,20,10,NA,NA,NA,NA,NA,NA,NA,NA,NA,NA,NA,NA,NA,NA,NA,NA,NA,NA,NA,NA,NA,NA,NA,NA,NA,NA,NA,NA,NA,NA,NA,NA,NA,NA,NA,NA,NA,NA,NA,NA,NA,NA,NA,NA,NA,NA,NA,NA,NA,NA,NA,NA
cod.exe,NVIDIA GeForce RTX 4090,AMD Ryzen 9 7950X3D 16-Core Processor          ,WINDOWED,D3D12,0,7700,0x00000000274C9C90,0,512,Composed: Flip,1,748.139756,8.848,0.000,0.136,0.436,0.000,0.049,NA,2925,11001,24,41,NA,NA,NA,NA,NA,NA,0.518,0.684,0.518,165,218,218,NA,4912,26, 52,43.409,NA,8,27,33,46,21,26,64,40,38,23,23,11,17,10,20,10,NA,NA,NA,NA,NA,NA,NA,NA,NA,NA,NA,NA,NA,NA,NA,NA,NA,NA,NA,NA,NA,NA,NA,NA,NA,NA,NA,NA,NA,NA,NA,NA,NA,NA,NA,NA,NA,NA,NA,NA,NA,NA,NA,NA,NA,NA,NA,NA,NA,NA,NA,NA
cod.exe,NVIDIA GeForce RTX 4090,AMD Ryzen 9 7950X3D 16-Core Processor          ,WINDOWED,D3D12,0,7700,0x00000000274C9C90,0,512,Composed: Flip,1,748.150104,10.349,0.000,0.132,0.472,0.000,0.046,NA,2925,11001,24,41,NA,NA,NA,NA,NA,NA,0.443,0.585,0.443,165,218,218,NA,4912,26, 52,43.409,NA,8,27,33,46,21,26,64,40,38,23,23,11,17,10,20,10,NA,NA,NA,NA,NA,NA,NA,NA,NA,NA,NA,NA,NA,NA,NA,NA,NA,NA,NA,NA,NA,NA,NA,NA,NA,NA,NA,NA,NA,NA,NA,NA,NA,NA,NA,NA,NA,NA,NA,NA,NA,NA,NA,NA,NA,NA,NA,NA,NA,NA,NA,NA
cod.exe,NVIDIA GeForce RTX 4090,AMD Ryzen 9 7950X3D 16-Core Processor          ,WINDOWED,D3D12,0,7700,0x00000000274C9C90,0,512,Composed: Flip,1,748.160549,10.445,0.000,0.138,0.393,0.000,0.038,NA,2925,11001,24,41,NA,NA,NA,NA,NA,NA,0.439,0.579,0.439,165,218,218,NA,4912,26, 52,43.409,NA,8,27,33,46,21,26,64,40,38,23,23,11,17,10,20,10,NA,NA,NA,NA,NA,NA,NA,NA,NA,NA,NA,NA,NA,NA,NA,NA,NA,NA,NA,NA,NA,NA,NA,NA,NA,NA,NA,NA,NA,NA,NA,NA,NA,NA,NA,NA,NA,NA,NA,NA,NA,NA,NA,NA,NA,NA,NA,NA,NA,NA,NA,NA
