Application,GPU,CPU,Resolution,Runtime,AllowsTearing,ProcessID,SwapChainAddress,SyncInterval,PresentFlags,PresentMode,Dropped,TimeInSeconds,MsBetweenPresents,MsBetweenDisplayChange,MsInPresentAPI,MsRenderPresentLatency,MsUntilDisplayed,Render Queue Depth,MsPCLatency,GPU0Clk(MHz),GPU0MemClk(MHz),GPU0Util(%),GPU0Temp(C),GPU1Clk(MHz),GPU1MemClk(MHz),GPU1Util(%),GPU1Temp(C),PCAT Power Total(W),Perf/W Total(F/J) (PCAT),Perf/W Total(F/J) (API),Perf/W GPUOnly(F/J) (API),Perf/W Total-USBC(F/J) (API),GPUOnlyPwr(W) (API),NV-Total-USBCPwr(W) (API),NV Pwr(W) (API),AMDPwr(W) (API),CPUClk(MHz),CPUUtil(%),CPU Package Temp(C),CPU Package Power(W),CPU TDP (W),CPUCoreUtil%[ 0],CPUCoreUtil%[ 1],CPUCoreUtil%[ 2],CPUCoreUtil%[ 3],CPUCoreUtil%[ 4],CPUCoreUtil%[ 5],CPUCoreUtil%[ 6],CPUCoreUtil%[ 7],CPUCoreUtil%[ 8],CPUCoreUtil%[ 9],CPUCoreUtil%[10],CPUCoreUtil%[11],CPUCoreUtil%[12],CPUCoreUtil%[13],CPUCoreUtil%[14],CPUCoreUtil%[15],CPUCoreUtil%[16],CPUCoreUtil%[17],CPUCoreUtil%[18],CPUCoreUtil%[19],CPUCoreUtil%[20],CPUCoreUtil%[21],CPUCoreUtil%[22],CPUCoreUtil%[23],CPUCoreUtil%[24],CPUCoreUtil%[25],CPUCoreUtil%[26],CPUCoreUtil%[27],CPUCoreUtil%[28],CPUCoreUtil%[29],CPUCoreUtil%[30],CPUCoreUtil%[31],CPUCoreUtil%[32],CPUCoreUtil%[33],CPUCoreUtil%[34],CPUCoreUtil%[35],CPUCoreUtil%[36],CPUCoreUtil%[37],CPUCoreUtil%[38],CPUCoreUtil%[39],CPUCoreUtil%[40],CPUCoreUtil%[41],CPUCoreUtil%[42],CPUCoreUtil%[43],CPUCoreUtil%[44],CPUCoreUtil%[45],CPUCoreUtil%[46],CPUCoreUtil%[47],CPUCoreUtil%[48],CPUCoreUtil%[49],CPUCoreUtil%[50],CPUCoreUtil%[51],CPUCoreUtil%[52],CPUCoreUtil%[53],CPUCoreUtil%[54],CPUCoreUtil%[55],CPUCoreUtil%[56],CPUCoreUtil%[57],CPUCoreUtil%[58],CPUCoreUtil%[59],CPUCoreUtil%[60],CPUCoreUtil%[61],CPUCoreUtil%[62],CPUCoreUtil%[63],Current Battery Capacity(Wh),Total Battery Capacity(Wh),Battery Percentage,Battery Drain Rate(W)
cod22-cod.exe,NVIDIA GeForce RTX 4090,AMD Ryzen 9 7950X3D 16-Core Processor          ,WINDOWED,D3D12,0,1592,0x000000001636ECD0,0,512,Composed: Flip,1,1006.402209,8.078,0.000,0.126,2.378,0.000,0.294,NA,2925,11001,25,40,NA,NA,NA,NA,NA,NA,0.732,1.011,0.732,122,169,169,NA,4722,7, 49,43.076,NA,8,6,1,6,4,8,1,4,4,2,7,2,6,3,21,21,NA,NA,NA,NA,NA,NA,NA,NA,NA,NA,NA,NA,NA,NA,NA,NA,NA,NA,NA,NA,NA,NA,NA,NA,NA,NA,NA,NA,NA,NA,NA,NA,NA,NA,NA,NA,NA,NA,NA,NA,NA,NA,NA,NA,NA,NA,NA,NA,NA,NA,NA,NA
cod22-cod.exe,NVIDIA GeForce RTX 4090,AMD Ryzen 9 7950X3D 16-Core Processor          ,WINDOWED,D3D12,0,1592,0x000000001636ECD0,0,512,Composed: Flip,1,1006.412608,10.398,0.000,0.121,1.930,0.000,0.186,NA,2925,11001,25,40,NA,NA,NA,NA,NA,NA,0.569,0.786,0.569,122,169,169,NA,4722,7, 49,43.076,NA,8,6,1,6,4,8,1,4,4,2,7,2,6,3,21,21,NA,NA,NA,NA,NA,NA,NA,NA,NA,NA,NA,NA,NA,NA,NA,NA,NA,NA,NA,NA,NA,NA,NA,NA,NA,NA,NA,NA,NA,NA,NA,NA,NA,NA,NA,NA,NA,NA,NA,NA,NA,NA,NA,NA,NA,NA,NA,NA,NA,NA,NA,NA
cod22-cod.exe,NVIDIA GeForce RTX 4090,AMD Ryzen 9 7950X3D 16-Core Processor          ,WINDOWED,D3D12,0,1592,0x000000001636ECD0,0,512,Composed: Flip,1,1006.423224,10.616,0.000,0.147,1.894,0.000,0.178,NA,2925,11001,25,40,NA,NA,NA,NA,NA,NA,0.557,0.770,0.557,122,169,169,NA,4722,7, 49,43.076,NA,8,6,1,6,4,8,1,4,4,2,7,2,6,3,21,21,NA,NA,NA,NA,NA,NA,NA,NA,NA,NA,NA,NA,NA,NA,NA,NA,NA,NA,NA,NA,NA,NA,NA,NA,NA,NA,NA,NA,NA,NA,NA,NA,NA,NA,NA,NA,NA,NA,NA,NA,NA,NA,NA,NA,NA,NA,NA,NA,NA,NA,NA,NA
cod22-cod.exe,NVIDIA GeForce RTX 4090,AMD Ryzen 9 7950X3D 16-Core Processor          ,WINDOWED,D3D12,0,1592,0x000000001636ECD0,0,512,Composed: Flip,1,1006.431749,8.525,0.000,0.148,1.894,0.000,0.222,NA,2925,11001,25,40,NA,NA,NA,NA,NA,NA,0.694,0.958,0.694,122,169,169,NA,4722,7, 49,43.076,NA,8,6,1,6,4,8,1,4,4,2,7,2,6,3,21,21,NA,NA,NA,NA,NA,NA,NA,NA,NA,NA,NA,NA,NA,NA,NA,NA,NA,NA,NA,NA,NA,NA,NA,NA,NA,NA,NA,NA,NA,NA,NA,NA,NA,NA,NA,NA,NA,NA,NA,NA,NA,NA,NA,NA,NA,NA,NA,NA,NA,NA,NA,NA
cod22-cod.exe,NVIDIA GeForce RTX 4090,AMD Ryzen 9 7950X3D 16-Core Processor          ,WINDOWED,D3D12,0,1592,0x000000001636ECD0,0,512,Composed: Flip,1,1006.442279,10.530,0.000,0.119,1.817,0.000,0.173,NA,2925,11001,25,40,NA,NA,NA,NA,NA,NA,0.562,0.776,0.562,122,169,169,NA,4722,7, 49,43.076,NA,8,6,1,6,4,8,1,4,4,2,7,2,6,3,21,21,NA,NA,NA,NA,NA,NA,NA,NA,NA,NA,NA,NA,NA,NA,NA,NA,NA,NA,NA,NA,NA,NA,NA,NA,NA,NA,NA,NA,NA,NA,NA,NA,NA,NA,NA,NA,NA,NA,NA,NA,NA,NA,NA,NA,NA,NA,NA,NA,NA,NA,NA,NA
cod22-cod.exe,NVIDIA GeForce RTX 4090,AMD Ryzen 9 7950X3D 16-Core Processor          ,WINDOWED,D3D12,0,1592,0x000000001636ECD0,0,512,Composed: Flip,1,1006.452841,10.562,0.000,0.120,1.820,0.000,0.172,NA,2925,11001,25,40,NA,NA,NA,NA,NA,NA,0.560,0.774,0.560,122,169,169,NA,4722,7, 49,43.076,NA,8,6,1,6,4,8,1,4,4,2,7,2,6,3,21,21,NA,NA,NA,NA,NA,NA,NA,NA,NA,NA,NA,NA,NA,NA,NA,NA,NA,NA,NA,NA,NA,NA,NA,NA,NA,NA,NA,NA,NA,NA,NA,NA,NA,NA,NA,NA,NA,NA,NA,NA,NA,NA,NA,NA,NA,NA,NA,NA,NA,NA,NA,NA
cod22-cod.exe,NVIDIA GeForce RTX 4090,AMD Ryzen 9 7950X3D 16-Core Processor          ,WINDOWED,D3D12,0,1592,0x000000001636ECD0,0,512,Composed: Flip,1,1006.460637,7.796,0.000,0.127,1.886,0.000,0.242,NA,2925,11001,25,40,NA,NA,NA,NA,NA,NA,0.759,1.048,0.759,122,169,169,NA,4722,7, 49,43.076,NA,8,6,1,6,4,8,1,4,4,2,7,2,6,3,21,21,NA,NA,NA,NA,NA,NA,NA,NA,NA,NA,NA,NA,NA,NA,NA,NA,NA,NA,NA,NA,NA,NA,NA,NA,NA,NA,NA,NA,NA,NA,NA,NA,NA,NA,NA,NA,NA,NA,NA,NA,NA,NA,NA,NA,NA,NA,NA,NA,NA,NA,NA,NA
cod22-cod.exe,NVIDIA GeForce RTX 4090,AMD Ryzen 9 7950X3D 16-Core Processor          ,WINDOWED,D3D12,0,1592,0x000000001636ECD0,0,512,Composed: Flip,1,1006.471624,10.987,0.000,0.123,1.843,0.000,0.168,NA,2925,11001,25,40,NA,NA,NA,NA,NA,NA,0.538,0.744,0.538,122,169,169,NA,4722,7, 49,43.076,NA,8,6,1,6,4,8,1,4,4,2,7,2,6,3,21,21,NA,NA,NA,NA,NA,NA,NA,NA,NA,NA,NA,NA,NA,NA,NA,NA,NA,NA,NA,NA,NA,NA,NA,NA,NA,NA,NA,NA,NA,NA,NA,NA,NA,NA,NA,NA,NA,NA,NA,NA,NA,NA,NA,NA,NA,NA,NA,NA,NA,NA,NA,NA
cod22-cod.exe,NVIDIA GeForce RTX 4090,AMD Ryzen 9 7950X3D 16-Core Processor          ,WINDOWED,D3D12,0,1592,0x000000001636ECD0,0,512,Composed: Flip,1,1006.482231,10.607,0.000,0.134,1.832,0.000,0.173,NA,2925,11001,25,40,NA,NA,NA,NA,NA,NA,0.558,0.770,0.558,122,169,169,NA,4722,7, 49,43.076,NA,8,6,1,6,4,8,1,4,4,2,7,2,6,3,21,21,NA,NA,NA,NA,NA,NA,NA,NA,NA,NA,NA,NA,NA,NA,NA,NA,NA,NA,NA,NA,NA,NA,NA,NA,NA,NA,NA,NA,NA,NA,NA,NA,NA,NA,NA,NA,NA,NA,NA,NA,NA,NA,NA,NA,NA,NA,NA,NA,NA,NA,NA,NA
cod22-cod.exe,NVIDIA GeForce RTX 4090,AMD Ryzen 9 7950X3D 16-Core Processor          ,WINDOWED,D3D12,0,1592,0x000000001636ECD0,0,512,Composed: Flip,1,1006.490523,8.291,0.000,0.131,1.880,0.000,0.227,NA,2925,11001,25,40,NA,NA,NA,NA,NA,NA,0.713,0.985,0.713,122,169,169,NA,4722,7, 49,43.076,NA,8,6,1,6,4,8,1,4,4,2,7,2,6,3,21,21,NA,NA,NA,NA,NA,NA,NA,NA,NA,NA,NA,NA,NA,NA,NA,NA,NA,NA,NA,NA,NA,NA,NA,NA,NA,NA,NA,NA,NA,NA,NA,NA,NA,NA,NA,NA,NA,NA,NA,NA,NA,NA,NA,NA,NA,NA,NA,NA,NA,NA,NA,NA
cod22-cod.exe,NVIDIA GeForce RTX 4090,AMD Ryzen 9 7950X3D 16-Core Processor          ,WINDOWED,D3D12,0,1592,0x000000001636ECD0,0,512,Composed: Flip,1,1006.501410,10.887,0.000,0.142,1.798,0.000,0.165,NA,2925,11001,25,40,NA,NA,NA,NA,NA,NA,0.543,0.750,0.543,122,169,169,NA,4722,7, 49,43.076,NA,8,6,1,6,4,8,1,4,4,2,7,2,6,3,21,21,NA,NA,NA,NA,NA,NA,NA,NA,NA,NA,NA,NA,NA,NA,NA,NA,NA,NA,NA,NA,NA,NA,NA,NA,NA,NA,NA,NA,NA,NA,NA,NA,NA,NA,NA,NA,NA,NA,NA,NA,NA,NA,NA,NA,NA,NA,NA,NA,NA,NA,NA,NA
cod22-cod.exe,NVIDIA GeForce RTX 4090,AMD Ryzen 9 7950X3D 16-Core Processor          ,WINDOWED,D3D12,0,1592,0x000000001636ECD0,0,512,Composed: Flip,1,1006.511659,10.249,0.000,0.121,1.864,0.000,0.182,NA,2925,11001,25,40,NA,NA,NA,NA,NA,NA,0.577,0.797,0.577,122,169,169,NA,4722,7, 49,43.076,NA,8,6,1,6,4,8,1,4,4,2,7,2,6,3,21,21,NA,NA,NA,NA,NA,NA,NA,NA,NA,NA,NA,NA,NA,NA,NA,NA,NA,NA,NA,NA,NA,NA,NA,NA,NA,NA,NA,NA,NA,NA,NA,NA,NA,NA,NA,NA,NA,NA,NA,NA,NA,NA,NA,NA,NA,NA,NA,NA,NA,NA,NA,NA
cod22-cod.exe,NVIDIA GeForce RTX 4090,AMD Ryzen 9 7950X3D 16-Core Processor          ,WINDOWED,D3D12,0,1592,0x000000001636ECD0,0,512,Composed: Flip,1,1006.519681,8.023,0.000,0.119,1.915,0.000,0.239,NA,2925,11001,25,40,NA,NA,NA,NA,NA,NA,0.737,1.018,0.737,122,169,169,NA,4722,7, 49,43.076,NA,8,6,1,6,4,8,1,4,4,2,7,2,6,3,21,21,NA,NA,NA,NA,NA,NA,NA,NA,NA,NA,NA,NA,NA,NA,NA,NA,NA,NA,NA,NA,NA,NA,NA,NA,NA,NA,NA,NA,NA,NA,NA,NA,NA,NA,NA,NA,NA,NA,NA,NA,NA,NA,NA,NA,NA,NA,NA,NA,NA,NA,NA,NA
cod22-cod.exe,NVIDIA GeForce RTX 4090,AMD Ryzen 9 7950X3D 16-Core Processor          ,WINDOWED,D3D12,0,1592,0x000000001636ECD0,0,512,Composed: Flip,1,1006.530265,10.584,0.000,0.143,1.777,0.000,0.168,NA,2925,11001,25,40,NA,NA,NA,NA,NA,NA,0.559,0.772,0.559,122,169,169,NA,4722,7, 49,43.076,NA,8,6,1,6,4,8,1,4,4,2,7,2,6,3,21,21,NA,NA,NA,NA,NA,NA,NA,NA,NA,NA,NA,NA,NA,NA,NA,NA,NA,NA,NA,NA,NA,NA,NA,NA,NA,NA,NA,NA,NA,NA,NA,NA,NA,NA,NA,NA,NA,NA,NA,NA,NA,NA,NA,NA,NA,NA,NA,NA,NA,NA,NA,NA
cod22-cod.exe,NVIDIA GeForce RTX 4090,AMD Ryzen 9 7950X3D 16-Core Processor          ,WINDOWED,D3D12,0,1592,0x000000001636ECD0,0,512,Composed: Flip,1,1006.541039,10.774,0.000,0.179,1.861,0.000,0.173,NA,2925,11001,25,40,NA,NA,NA,NA,NA,NA,0.549,0.758,0.549,122,169,169,NA,4722,7, 49,43.076,NA,8,6,1,6,4,8,1,4,4,2,7,2,6,3,21,21,NA,NA,NA,NA,NA,NA,NA,NA,NA,NA,NA,NA,NA,NA,NA,NA,NA,NA,NA,NA,NA,NA,NA,NA,NA,NA,NA,NA,NA,NA,NA,NA,NA,NA,NA,NA,NA,NA,NA,NA,NA,NA,NA,NA,NA,NA,NA,NA,NA,NA,NA,NA
cod22-cod.exe,NVIDIA GeForce RTX 4090,AMD Ryzen 9 7950X3D 16-Core Processor          ,WINDOWED,D3D12,0,1592,0x000000001636ECD0,0,512,Composed: Flip,1,1006.548824,7.785,0.000,0.118,1.913,0.000,0.246,NA,2925,11001,25,40,NA,NA,NA,NA,NA,NA,0.760,1.050,0.760,122,169,169,NA,4722,7, 49,43.076,NA,8,6,1,6,4,8,1,4,4,2,7,2,6,3,21,21,NA,NA,NA,NA,NA,NA,NA,NA,NA,NA,NA,NA,NA,NA,NA,NA,NA,NA,NA,NA,NA,NA,NA,NA,NA,NA,NA,NA,NA,NA,NA,NA,NA,NA,NA,NA,NA,NA,NA,NA,NA,NA,NA,NA,NA,NA,NA,NA,NA,NA,NA,NA
